year,content,source
2023,"Generative Pre-trained Transformers (GPT) continue to set benchmarks in natural language processing, enabling more human-like interactions, accurate translations, and complex text generation. These advancements make AI more accessible and useful in areas like education and business communication","OpenAI, https://openai.com/research"
2023,"Diffusion models emerge as a transformative force in generative AI, producing highly detailed and diverse images. Their applications range from digital art to realistic simulations in industries such as fashion, gaming, and architecture","Stability AI, https://stability.ai"
2024,"OpenAI's DALLÂ·E 3 brings unprecedented advancements in text-to-image generation, featuring improved resolution and alignment with user prompts. This technology enhances creative workflows for artists and designers","OpenAI, https://openai.com/dall-e-3"
2023,"Meta introduces LLaMA, a large language model optimized for efficiency and scalability. LLaMA focuses on democratizing AI access while reducing computational costs for small-scale deployments","Meta, https://ai.facebook.com/research"
2024,"Google DeepMind unveils Gemini, a language model integrating advanced reasoning, memory, and multimodal capabilities. It demonstrates superior performance in complex problem-solving tasks","Google DeepMind, https://www.deepmind.com"
2023,"ChatGPT plugins revolutionize AI interactions by enabling models to perform tasks such as retrieving real-time data, booking appointments, and performing calculations via third-party APIs","OpenAI, https://openai.com/chatgpt/plugins"
2024,"GPT-4 Vision, a multimodal AI model, processes text and images simultaneously, opening new possibilities in diagnostics, design automation, and immersive educational tools","OpenAI, https://openai.com/gpt-4"
2023,"GitHub Copilot leverages generative AI to enhance coding productivity by auto-generating code snippets, debugging, and providing contextual suggestions, significantly reducing development time","GitHub, https://github.com/features/copilot"
2023,"Stable Diffusion, an open-source model, enables community-driven innovation in AI, fostering advancements in artistic creation and real-time applications such as AR/VR","Stability AI, https://stability.ai/stable-diffusion"
2024,"Text-to-video AI systems make strides in synthetic media creation, enabling realistic and creative video content production for marketing, entertainment, and education","Runway, https://runwayml.com"
2023,"Generative AI accelerates pharmaceutical innovation by simulating complex molecular interactions, expediting drug discovery and personalized medicine development","Insilico Medicine, https://insilico.com"
2023,"Fine-tuning techniques advance domain-specific applications, enabling customization of large language models for niche areas like legal, medical, and technical documentation","Hugging Face, https://huggingface.co"
2023,"Reinforcement learning from human feedback enhances AI usability and alignment with human values, ensuring models behave predictably and ethically in various contexts","OpenAI, https://openai.com/research/learning-from-human-feedback"
2023,"Tools like Jukebox and AIVA elevate AI-generated music, offering high-quality compositions tailored for specific genres, making it a valuable asset in the music industry","OpenAI, https://openai.com/jukebox; AIVA, https://aiva.ai"
2023,"Federated learning introduces privacy-preserving methods for training AI models across decentralized datasets, enabling advancements in healthcare and finance without compromising user data","Google AI, https://ai.googleblog.com/2023/04/federated-learning.html"
2023,"GANs (Generative Adversarial Networks) maintain dominance in realistic image synthesis, driving progress in fields like autonomous vehicles, film production, and virtual reality","NVIDIA, https://developer.nvidia.com/gans"
2023,"AI ethics frameworks evolve to tackle bias and ensure fairness in generative AI, fostering trust and transparency in AI applications","Partnership on AI, https://www.partnershiponai.org"
2023,"Prompt engineering emerges as a crucial skill for optimizing outputs of generative AI models, shaping their adaptability across diverse use cases","OpenAI, https://openai.com/blog/prompt-engineering"
2023,"Large-scale training datasets fuel breakthroughs in language models, enhancing their capacity to understand complex queries and generate nuanced responses","Hugging Face, https://huggingface.co/datasets"
2023,"AI content moderation tools leverage generative models to identify and mitigate harmful material, promoting safer online environments","OpenAI, https://openai.com/research/content-moderation"
2023,"Advances in speech synthesis produce near-human voice quality, benefiting accessibility tools, virtual assistants, and multimedia applications","Google AI, https://ai.googleblog.com"
2023,"Collaborative AI platforms enable seamless integration of generative models into existing workflows, boosting productivity and innovation in enterprise solutions","Microsoft, https://microsoft.com/ai"
2023,"AI-based video editing tools simplify post-production processes, automating tasks like color grading, object removal, and scene enhancement","Adobe, https://adobe.com/sensei"
2023,"Multilingual AI models advance cross-language communication, enabling accurate real-time translations for global collaboration","Meta AI, https://ai.facebook.com/research"
2024,"Generative design tools in architecture create optimized building layouts based on functional and aesthetic parameters, reducing design cycles","Autodesk, https://autodesk.com"
2023,AI systems capable of generating interactive 3D models are transforming game development and virtual environment creation,"Unity, https://unity.com"
2023,"Generative AI enhances marketing by producing personalized content at scale, improving customer engagement and campaign efficiency","Salesforce, https://salesforce.com/ai"
2024,"AI-powered educational platforms deliver adaptive learning experiences, tailoring content to individual student needs and improving outcomes","Khan Academy, https://khanacademy.org"
2023,"Robotics integration with generative AI enables autonomous systems to adapt dynamically to complex, real-world scenarios","Boston Dynamics, https://bostondynamics.com"
2023,"AI-driven fashion design leverages generative models for trend forecasting and creating innovative styles, revolutionizing the apparel industry","Vogue Business, https://voguebusiness.com"
2023,"Smart assistants equipped with generative AI improve user interactions, performing complex tasks like summarizing reports and organizing schedules","Amazon Alexa, https://alexa.amazon.com"
2024,"AI applications in agriculture include generative models for predicting crop yields and optimizing resource usage, addressing global food security challenges","AgriTech AI, https://agritechai.com"
2023,"Advanced chatbots utilize generative AI for empathetic customer support, providing more natural and effective service interactions","Zendesk, https://zendesk.com"
2024,"Generative AI aids in crafting detailed simulations for scientific research, enhancing experiment accuracy and predictive capabilities","CERN, https://cern.ch"
2023,"AI tools for personalized healthcare generate tailored treatment plans based on patient data, paving the way for precision medicine","Mayo Clinic, https://mayoclinic.org"
2023,Advances in generative AI enable the creation of realistic avatars for virtual meetings and digital identity representation,"NVIDIA Omniverse, https://nvidia.com/omniverse"
2023,"AI in journalism assists in generating detailed reports and summaries, improving newsroom productivity and content variety","Reuters, https://reuters.com"
2024,"Generative AI facilitates the creation of virtual influencers, blending entertainment and marketing to engage audiences on social media","Influencer Marketing Hub, https://influencermarketinghub.com"
2023,Real-time AI translation tools revolutionize international trade by bridging language barriers in negotiations and contracts,"DeepL, https://deepl.com"
2023,"AI-powered legal assistants help draft contracts and analyze case law, reducing workloads for legal professionals","LexisNexis, https://lexisnexis.com"
2024,"Generative AI accelerates video game storytelling, creating dynamic plots and character arcs based on player decisions","Epic Games, https://epicgames.com"
2023,Innovations in AI art restoration bring cultural heritage pieces back to life with precision and historical accuracy,"The Met, https://metmuseum.org"
2023,"Generative AI streamlines product prototyping by simulating designs and stress tests, saving time and resources","Siemens, https://siemens.com"
2024,"AI-generated podcasts and audiobooks create high-quality audio content, democratizing access to information and entertainment","Audible AI, https://audible.com"
2025,"Chinese startup DeepSeek has debuted an AI app that challenges OpenAI's ChatGPT and other U.S. rivals, sending a shock through Wall Street.",http://cnn.com
2025,"OpenAI released GPT-5, setting a new benchmark in generative AI with its ability to understand and generate highly complex creative content.",http://aitimes.com
2025,Google DeepMind introduced an AI capable of generating original scientific hypotheses based on prior research data.,http://scienceaijournal.com
2025,A generative AI-powered tool designed to create legal documents with 95% accuracy has been adopted by major law firms worldwide.,http://legaltechnews.com
2025,Generative AI models are now widely used in gaming to create immersive environments and unique storylines tailored to each player.,http://gamingtoday.com
2025,"The global market for generative AI is projected to reach $200 billion, driven by innovations in content creation and personalized marketing.",http://markettrendsreport.com
2025,Meta launched a new generative AI that can create personalized avatars and virtual worlds for its metaverse platform.,http://virtualworldnews.com
2025,Generative AI is revolutionizing education by creating custom learning materials and simulations for students worldwide.,http://edtechreview.com
2025,A generative AI-based platform has been developed to create personalized workout plans and meal recipes based on user preferences and health data.,http://healthtechinsights.com
2025,"Generative AI art sold for a record $10 million at an auction, highlighting its growing acceptance in the traditional art world.",http://artworldtoday.com